url,url_decoded,clicks,impressions,ctr_pct,position
https://aqdi.sa/,https://aqdi.sa/,21893,4712036,0.5,8.0
https://aqdi.sa/blog/%D8%AA%D8%B9%D8%B1%D9%81-%D8%A7%D9%84%D8%A2%D9%86-%D8%B9%D9%84%D9%89-%D8%B4%D8%B1%D9%88%D8%B7-%D8%AD%D8%B3%D8%A7%D8%A8-%D8%A7%D9%84%D9%85%D9%88%D8%A7%D8%B7%D9%86-%D9%84%D9%84%D9%81%D8%B1%D8%AF,https://aqdi.sa/blog/تعرف-الآن-على-شروط-حساب-المواطن-للفرد,18973,6676617,0.3,6.3
https://aqdi.sa/blog/%D8%AA%D8%B9%D8%B1%D9%81-%D8%B9%D9%84%D9%89-%D8%B7%D8%B1%D9%8A%D9%82%D8%A9-%D8%A7%D9%84%D8%AA%D8%B3%D8%AC%D9%8A%D9%84-%D9%81%D9%8A-%D9%85%D9%86%D8%B5%D8%A9-%D8%A5%D9%8A%D8%AC%D8%A7%D8%B1,https://aqdi.sa/blog/تعرف-على-طريقة-التسجيل-في-منصة-إيجار,7249,860728,0.8,7.9
https://aqdi.sa/blog/%D8%AA%D8%B9%D8%B1%D9%81-%D8%A7%D9%84%D8%A7%D9%86-%D8%B9%D9%84%D9%89-%D8%B7%D8%B1%D9%8A%D9%82%D8%A9-%D8%A7%D8%B3%D8%AA%D8%B9%D9%84%D8%A7%D9%85-%D8%B9%D9%86-%D8%B9%D9%82%D8%AF-%D8%A7%D9%8A%D8%AC%D8%A7%D8%B1-%D8%A5%D9%84%D9%83%D8%AA%D8%B1%D9%88%D9%86%D9%8A-%D8%A8%D8%B1%D9%82%D9%85-%D8%A7%D9%84%D9%87%D9%88%D9%8A%D8%A9-%D8%A8%D8%AE%D8%B7%D9%88%D8%A7%D8%AA-%D8%B3%D9%87%D9%84%D8%A9-%D9%88%D8%A8%D8%B3%D9%8A%D8%B7%D8%A9,https://aqdi.sa/blog/تعرف-الان-على-طريقة-استعلام-عن-عقد-ايجار-إلكتروني-برقم-الهوية-بخطوات-سهلة-وبسيطة,3525,254907,1.4,8.2
https://aqdi.sa/blog/%D8%AA%D8%B9%D8%B1%D9%81-%D8%B9%D9%84%D9%89-%D8%A3%D9%87%D9%85-%D8%B4%D8%B1%D9%88%D8%B7-%D8%B9%D9%82%D8%AF-%D8%A7%D9%84%D8%A7%D9%8A%D8%AC%D8%A7%D8%B1-%D8%A7%D9%84%D8%A7%D9%84%D9%83%D8%AA%D8%B1%D9%88%D9%86%D9%8A-%D9%88%D9%83%D9%8A%D9%81%D9%8A%D8%A9-%D8%AA%D9%88%D8%AB%D9%8A%D9%82%D9%87-%D8%A8%D8%AE%D8%B7%D9%88%D8%A7%D8%AA-%D8%A8%D8%B3%D9%8A%D8%B7%D8%A9,https://aqdi.sa/blog/تعرف-على-أهم-شروط-عقد-الايجار-الالكتروني-وكيفية-توثيقه-بخطوات-بسيطة,1603,129217,1.2,7.3
https://aqdi.sa/blog/%D8%B9%D9%82%D9%88%D8%AF-%D8%A7%D9%84%D8%A7%D8%B3%D8%AA%D8%AB%D9%85%D8%A7%D8%B1-%D8%A3%D9%87%D9%85%D9%8A%D8%AA%D9%87%D8%A7-%D9%88%D8%A3%D9%86%D9%88%D8%A7%D8%B9%D9%87%D8%A7-%D9%88%D8%AE%D8%B5%D8%A7%D8%A6%D8%B5%D9%87%D8%A7-%D8%A7%D9%84%D9%82%D8%A7%D9%86%D9%88%D9%86%D9%8A%D8%A9,https://aqdi.sa/blog/عقود-الاستثمار-أهميتها-وأنواعها-وخصائصها-القانونية,1288,26700,4.8,5.7
https://aqdi.sa/blog/%D8%AA%D8%B3%D8%AC%D9%8A%D9%84-%D8%AF%D8%AE%D9%88%D9%84-%D8%A5%D9%8A%D8%AC%D8%A7%D8%B1-%D8%B9%D8%A8%D8%B1-%D8%A7%D9%84%D9%86%D9%81%D8%A7%D8%B0-%D8%A7%D9%84%D9%88%D8%B7%D9%86%D9%8A-%D8%A8%D9%88%D8%A7%D8%A8%D8%A9-%D8%A7%D9%84%D8%A3%D9%85%D8%A7%D9%86-%D9%88%D8%A7%D9%84%D8%B3%D8%B1%D8%B9%D8%A9-%D9%84%D8%B9%D9%82%D9%88%D8%AF%D9%83-%D8%A7%D9%84%D8%A5%D9%8A%D8%AC%D8%A7%D8%B1%D9%8A%D8%A9,https://aqdi.sa/blog/تسجيل-دخول-إيجار-عبر-النفاذ-الوطني-بوابة-الأمان-والسرعة-لعقودك-الإيجارية,1168,103729,1.1,7.0
https://aqdi.sa/blog/%D8%AA%D8%B9%D8%B1%D9%81-%D8%B9%D9%84%D9%89-%D8%A3%D9%87%D9%85-%D8%B4%D8%B1%D9%88%D8%B7-%D8%B9%D9%82%D8%AF-%D8%A5%D9%8A%D8%AC%D8%A7%D8%B1-%D8%A7%D9%84%D9%88%D9%82%D9%81,https://aqdi.sa/blog/تعرف-على-أهم-شروط-عقد-إيجار-الوقف,1096,27994,3.9,5.9
https://aqdi.sa/blog/%D8%B7%D8%B1%D9%8A%D9%82%D8%A9-%D8%B9%D9%85%D9%84-%D8%B9%D9%82%D8%AF-%D8%A7%D9%8A%D8%AC%D8%A7%D8%B1-%D8%A7%D9%84%D9%83%D8%AA%D8%B1%D9%88%D9%86%D9%8A-%D8%A8%D8%AE%D8%B7%D9%88%D8%A7%D8%AA-%D8%A8%D8%B3%D9%8A%D8%B7%D8%A9-%D8%AF%D9%84%D9%8A%D9%84-%D8%B4%D8%A7%D9%85%D9%84-%D9%84%D8%AA%D8%B3%D9%87%D9%8A%D9%84-%D8%A7%D9%84%D8%B9%D9%85%D9%84%D9%8A%D8%A9-%D8%A7%D9%84%D9%82%D8%A7%D9%86%D9%88%D9%86%D9%8A%D8%A9,https://aqdi.sa/blog/طريقة-عمل-عقد-ايجار-الكتروني-بخطوات-بسيطة-دليل-شامل-لتسهيل-العملية-القانونية,1085,70187,1.5,7.9
https://aqdi.sa/blog/%D9%85%D8%A7%D9%87%D9%88-%D8%A7%D9%84%D8%B9%D9%82%D8%AF-%D8%A7%D9%84%D9%83%D8%AA%D8%B1%D9%88%D9%86%D9%8A,https://aqdi.sa/blog/ماهو-العقد-الكتروني,1071,91731,1.2,7.9
https://aqdi.sa/blog/%D9%83%D9%84-%D9%85%D8%A7-%D8%AA%D8%B1%D9%8A%D8%AF-%D9%85%D8%B9%D8%B1%D9%81%D8%AA%D9%87-%D8%B9%D9%86-%D8%B4%D8%B1%D9%88%D8%B7-%D8%AD%D8%B3%D8%A7%D8%A8-%D8%A7%D9%84%D9%85%D9%88%D8%A7%D8%B7%D9%86,https://aqdi.sa/blog/كل-ما-تريد-معرفته-عن-شروط-حساب-المواطن,1057,177691,0.6,7.2
https://aqdi.sa/blog/%D9%86%D9%85%D9%88%D8%B0%D8%AC-%D8%B9%D9%82%D8%AF-%D8%A5%D9%8A%D8%AC%D8%A7%D8%B1-%D8%B3%D8%B9%D9%88%D8%AF%D9%8A-%D8%AC%D8%A7%D9%87%D8%B2-%D9%84%D9%84%D8%B7%D8%A8%D8%A7%D8%B9%D8%A9-2025-%D8%A7%D9%84%D8%B4%D8%B1%D9%88%D8%B7-%D9%88%D8%A7%D9%84%D8%B5%D9%8A%D8%BA%D8%A9-%D8%A7%D9%84%D9%85%D8%B9%D8%AA%D9%85%D8%AF%D8%A9-%D9%81%D9%8A-%D8%A7%D9%84%D9%85%D9%85%D9%84%D9%83%D8%A9,https://aqdi.sa/blog/نموذج-عقد-إيجار-سعودي-جاهز-للطباعة-2025-الشروط-والصيغة-المعتمدة-في-المملكة,885,31063,2.8,6.2
https://aqdi.sa/blog/%D8%B9%D9%82%D8%AF-%D8%A7%D9%84%D8%A5%D9%8A%D8%AC%D8%A7%D8%B1-%D8%A7%D9%84%D9%85%D9%88%D8%AD%D8%AF-%D8%B3%D9%87%D9%88%D9%84%D8%A9-%D8%A3%D9%85%D8%A7%D9%86-%D9%88%D8%AA%D9%88%D8%AB%D9%8A%D9%82-%D8%A8%D8%B6%D8%BA%D8%B7%D8%A9-%D8%B2%D8%B1,https://aqdi.sa/blog/عقد-الإيجار-الموحد-سهولة-أمان-وتوثيق-بضغطة-زر,721,47680,1.5,6.2
https://aqdi.sa/blog/%D8%B4%D8%B1%D9%88%D8%B7-%D8%B9%D9%82%D8%AF-%D8%A7%D9%84%D8%A7%D9%8A%D8%AC%D8%A7%D8%B1-%D9%81%D9%8A-%D8%A7%D9%84%D8%B3%D8%B9%D9%88%D8%AF%D9%8A%D8%A9,https://aqdi.sa/blog/شروط-عقد-الايجار-في-السعودية,708,141376,0.5,8.7
https://aqdi.sa/about-us,https://aqdi.sa/about-us,632,19201,3.3,5.1
https://aqdi.sa/blog/%D8%B9%D9%82%D9%88%D8%AF-%D8%A7%D9%84%D8%A5%D9%8A%D8%AC%D8%A7%D8%B1-%D8%A7%D9%84%D8%AA%D8%B2%D8%A7%D9%85%D8%A7%D8%AA-%D8%A7%D9%84%D9%85%D8%A4%D8%AC%D8%B1-%D9%88%D8%A7%D9%84%D9%85%D8%B3%D8%AA%D8%A3%D8%AC%D8%B1-%D9%81%D9%8A-%D8%A7%D9%84%D8%A5%D8%B7%D8%A7%D8%B1-%D8%A7%D9%84%D9%82%D8%A7%D9%86%D9%88%D9%86%D9%8A-%D8%A7%D9%84%D8%B3%D8%B9%D9%88%D8%AF%D9%8A,https://aqdi.sa/blog/عقود-الإيجار-التزامات-المؤجر-والمستأجر-في-الإطار-القانوني-السعودي,625,70387,0.9,8.4
https://aqdi.sa/blog/%D8%B4%D8%B1%D9%88%D8%B7-%D8%A7%D9%84%D8%AA%D9%86%D8%A7%D8%B2%D9%84-%D8%B9%D9%86-%D8%A7%D9%84%D9%82%D8%B1%D8%B6-%D8%A7%D9%84%D8%B9%D9%82%D8%A7%D8%B1%D9%8A-%D9%84%D8%B4%D8%AE%D8%B5-%D8%A2%D8%AE%D8%B1-%D9%81%D9%8A-%D8%A7%D9%84%D8%B3%D8%B9%D9%88%D8%AF%D9%8A%D8%A9-%D8%A7%D9%84%D8%A3%D8%B7%D8%B1-%D8%A7%D9%84%D9%82%D8%A7%D9%86%D9%88%D9%86%D9%8A%D8%A9-%D9%88%D8%A7%D9%84%D9%85%D8%A7%D9%84%D9%8A%D8%A9-%D9%88%D8%A7%D9%84%D8%A5%D8%AC%D8%B1%D8%A7%D8%A6%D9%8A%D8%A9,https://aqdi.sa/blog/شروط-التنازل-عن-القرض-العقاري-لشخص-آخر-في-السعودية-الأطر-القانونية-والمالية-والإجرائية,594,44687,1.3,6.7
https://aqdi.sa/blog/%D8%B9%D9%82%D8%AF-%D8%A5%D9%8A%D8%AC%D8%A7%D8%B1-%D9%85%D8%B2%D8%B1%D8%B9%D8%A9-%D8%AF%D9%84%D9%8A%D9%84%D9%83-%D8%A7%D9%84%D8%B4%D8%A7%D9%85%D9%84-%D9%84%D8%A5%D8%B9%D8%AF%D8%A7%D8%AF-%D8%B9%D9%82%D8%AF-%D9%8A%D8%AD%D9%85%D9%8A-%D8%AD%D9%82%D9%88%D9%82%D9%83-%D9%83%D9%85%D8%A4%D8%AC%D8%B1-%D8%A3%D9%88-%D9%85%D8%B3%D8%AA%D8%A3%D8%AC%D8%B1,https://aqdi.sa/blog/عقد-إيجار-مزرعة-دليلك-الشامل-لإعداد-عقد-يحمي-حقوقك-كمؤجر-أو-مستأجر,474,11066,4.3,5.2
https://aqdi.sa/blog/%D8%B7%D8%B1%D9%8A%D9%82%D8%A9-%D8%AA%D8%AD%D9%85%D9%8A%D9%84-%D8%AA%D8%B7%D8%A8%D9%8A%D9%82-%D8%B9%D9%82%D8%AF-%D8%A7%D9%8A%D8%AC%D8%A7%D8%B1-%D8%A7%D9%84%D9%83%D8%AA%D8%B1%D9%88%D9%86%D9%8A-%D8%B9%D9%82%D8%AF%D9%8A,https://aqdi.sa/blog/طريقة-تحميل-تطبيق-عقد-ايجار-الكتروني-عقدي,467,28085,1.7,7.3
https://aqdi.sa/blog/%D8%BA%D8%B1%D8%A7%D9%85%D8%A9-%D9%81%D8%B3%D8%AE-%D8%B9%D9%82%D8%AF-%D8%A7%D9%84%D8%A5%D9%8A%D8%AC%D8%A7%D8%B1-%D9%85%D9%86-%D9%82%D8%A8%D9%84-%D8%A7%D9%84%D9%85%D8%B3%D8%AA%D8%A3%D8%AC%D8%B1-%D9%81%D9%8A-%D8%A7%D9%84%D8%B3%D8%B9%D9%88%D8%AF%D9%8A%D8%A9-%D8%A7%D9%84%D8%AF%D9%84%D9%8A%D9%84-%D8%A7%D9%84%D9%85%D8%B1%D8%AC%D8%B9%D9%8A-%D8%A7%D9%84%D8%B4%D8%A7%D9%85%D9%84-%D9%84%D8%AD%D9%82%D9%88%D9%82%D9%83-%D9%88%D8%A7%D9%84%D8%AA%D8%B2%D8%A7%D9%85%D8%A7%D8%AA%D9%83-%D8%B9%D8%A8%D8%B1-%D8%B9%D9%82%D8%AF%D9%8A,https://aqdi.sa/blog/غرامة-فسخ-عقد-الإيجار-من-قبل-المستأجر-في-السعودية-الدليل-المرجعي-الشامل-لحقوقك-والتزاماتك-عبر-عقدي,383,58258,0.7,8.7
https://aqdi.sa/blog/%D9%86%D9%85%D9%88%D8%B0%D8%AC-%D8%B9%D9%82%D8%AF-%D8%A5%D9%8A%D8%AC%D8%A7%D8%B1-%D8%A7%D8%B3%D8%AA%D8%B1%D8%A7%D8%AD%D8%A9-%D8%AF%D9%84%D9%8A%D9%84%D9%83-%D8%A7%D9%84%D8%B4%D8%A7%D9%85%D9%84-%D9%84%D8%B5%D9%8A%D8%A7%D8%BA%D8%A9-%D8%B9%D9%82%D8%AF-%D8%A2%D9%85%D9%86,https://aqdi.sa/blog/نموذج-عقد-إيجار-استراحة-دليلك-الشامل-لصياغة-عقد-آمن,379,7921,4.8,6.1
https://aqdi.sa/blog/%D9%83%D9%84-%D9%85%D8%A7-%D8%AA%D8%AD%D8%AA%D8%A7%D8%AC-%D9%85%D8%B9%D8%B1%D9%81%D8%AA%D9%87-%D8%B9%D9%86-%D8%AA%D8%AC%D8%AF%D9%8A%D8%AF-%D8%B9%D9%82%D8%AF-%D8%A7%D9%84%D8%A5%D9%8A%D8%AC%D8%A7%D8%B1-%D8%B9%D8%A8%D8%B1-%D9%85%D9%86%D8%B5%D8%A9-%D8%A5%D9%8A%D8%AC%D8%A7%D8%B1-%D9%81%D9%8A-%D8%A7%D9%84%D8%B3%D8%B9%D9%88%D8%AF%D9%8A%D8%A9-%D9%84%D8%B9%D8%A7%D9%85-2025,https://aqdi.sa/blog/كل-ما-تحتاج-معرفته-عن-تجديد-عقد-الإيجار-عبر-منصة-إيجار-في-السعودية-لعام-2025,364,79744,0.5,7.8
https://aqdi.sa/blog/%D9%85%D8%A7-%D9%87%D9%8A-%D8%B7%D8%B1%D9%8A%D9%82%D8%A9-%D8%A7%D8%B3%D8%AA%D8%AE%D8%B1%D8%A7%D8%AC-%D8%B9%D9%82%D8%AF-%D8%A7%D9%8A%D8%AC%D8%A7%D8%B1-%D9%85%D9%86-%D8%AA%D8%B7%D8%A8%D9%8A%D9%82-%D8%B9%D9%82%D8%AF%D9%8A,https://aqdi.sa/blog/ما-هي-طريقة-استخراج-عقد-ايجار-من-تطبيق-عقدي,304,38403,0.8,7.4
https://aqdi.sa/blog/%D8%A3%D8%A8%D8%B1%D8%B2-%D8%A7%D9%84%D8%AA%D9%81%D8%A7%D8%B5%D9%8A%D9%84-%D8%AD%D9%88%D9%84-%D8%A5%D9%8A%D8%AC%D8%A7%D8%B1-%D8%B9%D9%82%D8%A7%D8%B1-%D9%88%D9%82%D9%81%D9%8A,https://aqdi.sa/blog/أبرز-التفاصيل-حول-إيجار-عقار-وقفي,239,6938,3.4,5.7
https://aqdi.sa/blog/%D8%AA%D8%AC%D8%AF%D9%8A%D8%AF-%D8%B9%D9%82%D8%AF-%D8%A7%D9%84%D9%83%D8%AA%D8%B1%D9%88%D9%86%D9%8A-%D8%AE%D8%B7%D9%88%D8%A9-%D8%AA%D8%AC%D8%A7%D9%87-%D8%AA%D8%B3%D8%B1%D9%8A%D8%B9-%D8%A7%D9%84%D8%A5%D8%AC%D8%B1%D8%A7%D8%A1%D8%A7%D8%AA-%D9%88%D8%AA%D8%B9%D8%B2%D9%8A%D8%B2-%D8%A7%D9%84%D8%A3%D9%85%D8%A7%D9%86,https://aqdi.sa/blog/تجديد-عقد-الكتروني-خطوة-تجاه-تسريع-الإجراءات-وتعزيز-الأمان,236,54371,0.4,8.4
https://aqdi.sa/blog/%D9%83%D9%8A%D9%81-%D9%8A%D9%85%D9%83%D9%86%D9%83-%D8%A7%D8%B3%D8%AA%D8%AE%D8%B1%D8%A7%D8%AC-%D8%B9%D9%82%D8%AF-%D8%A7%D9%84%D8%A7%D9%8A%D8%AC%D8%A7%D8%B1-%D8%A8%D8%B3%D9%87%D9%88%D9%84%D8%A9,https://aqdi.sa/blog/كيف-يمكنك-استخراج-عقد-الايجار-بسهولة,189,23260,0.8,9.6
https://aqdi.sa/blog/%D9%85%D8%A7-%D9%87%D9%8A-%D8%B1%D8%B3%D9%88%D9%85-%D8%B9%D9%82%D8%AF-%D8%A7%D9%84%D8%A7%D9%8A%D8%AC%D8%A7%D8%B1,https://aqdi.sa/blog/ما-هي-رسوم-عقد-الايجار,189,45466,0.4,9.3
https://aqdi.sa/blog/%D8%B9%D9%82%D8%AF-%D8%A5%D9%8A%D8%AC%D8%A7%D8%B1-%D8%A7%D9%84%D8%A3%D8%B1%D8%A7%D8%B6%D9%8A-%D8%A7%D9%84%D8%A5%D9%84%D9%83%D8%AA%D8%B1%D9%88%D9%86%D9%8A-%D8%AF%D9%84%D9%8A%D9%84%D9%83-%D8%A7%D9%84%D8%B4%D8%A7%D9%85%D9%84-%D9%84%D8%AA%D9%88%D8%AB%D9%8A%D9%82-%D8%B9%D9%82%D9%88%D8%AF-%D8%A7%D9%84%D8%A3%D8%B1%D8%A7%D8%B6%D9%8A-%D8%A3%D9%88%D9%86%D9%84%D8%A7%D9%8A%D9%86-%D9%81%D9%8A-%D8%A7%D9%84%D8%B3%D8%B9%D9%88%D8%AF%D9%8A%D8%A9,https://aqdi.sa/blog/عقد-إيجار-الأراضي-الإلكتروني-دليلك-الشامل-لتوثيق-عقود-الأراضي-أونلاين-في-السعودية,167,6294,2.7,7.1
https://aqdi.sa/blog/%D9%83%D9%8A%D9%81%D9%8A%D8%A9-%D8%A7%D9%84%D8%AD%D8%B5%D9%88%D9%84-%D8%B9%D9%84%D9%89-%D8%B1%D8%AE%D8%B5%D8%A9-%D9%85%D8%AD%D9%84-%D8%AA%D8%AC%D8%A7%D8%B1%D9%8A,https://aqdi.sa/blog/كيفية-الحصول-على-رخصة-محل-تجاري,167,26722,0.6,8.6
https://aqdi.sa/blog/%D9%85%D8%A7%D9%87%D9%88-%D8%AD%D8%B3%D8%A7%D8%A8-%D8%A7%D9%84%D9%85%D9%88%D8%A7%D8%B7%D9%86-%D9%88%D9%85%D8%A7-%D9%87%D9%8A-%D8%B7%D8%B1%D9%8A%D9%82%D8%A9-%D8%A7%D9%84%D8%AA%D8%B3%D8%AC%D9%8A%D9%84-%D9%88%D8%B4%D8%B1%D9%88%D8%B7%D9%87,https://aqdi.sa/blog/ماهو-حساب-المواطن-وما-هي-طريقة-التسجيل-وشروطه,165,127734,0.1,8.8
https://aqdi.sa/blog/%D8%AA%D8%B9%D8%B1%D9%81-%D8%B9%D9%84%D9%89-%D8%A3%D8%A8%D8%B1%D8%B2-%D8%B4%D8%B1%D9%88%D8%B7-%D8%A7%D9%84%D8%AA%D8%B3%D8%AC%D9%8A%D9%84-%D9%81%D9%8A-%D8%AD%D8%B3%D8%A7%D8%A8-%D8%A7%D9%84%D9%85%D9%88%D8%A7%D8%B7%D9%86,https://aqdi.sa/blog/تعرف-على-أبرز-شروط-التسجيل-في-حساب-المواطن,155,57172,0.3,8.8
https://aqdi.sa/blog/%D8%B9%D9%82%D8%AF-%D8%A5%D9%8A%D8%AC%D8%A7%D8%B1-%D8%B5%D9%83-%D9%88%D9%82%D9%81-%D9%81%D9%8A-%D8%A7%D9%84%D8%B3%D8%B9%D9%88%D8%AF%D9%8A%D8%A9-%D8%A7%D9%84%D8%B4%D8%B1%D9%88%D8%B7-%D8%A7%D9%84%D8%B5%D9%8A%D8%A7%D8%BA%D8%A9-%D9%88%D9%83%D9%8A%D9%81%D9%8A%D8%A9-%D8%A7%D9%84%D8%AA%D8%B3%D8%AC%D9%8A%D9%84-%D8%AE%D8%B7%D9%88%D8%A9-%D8%A8%D8%AE%D8%B7%D9%88%D8%A9,https://aqdi.sa/blog/عقد-إيجار-صك-وقف-في-السعودية-الشروط-الصياغة-وكيفية-التسجيل-خطوة-بخطوة,149,4008,3.7,7.3
https://aqdi.sa/blog/%D9%83%D9%8A%D9%81-%D9%8A%D9%85%D9%83%D9%86-%D8%A5%D8%AA%D9%85%D8%A7%D9%85-%D8%AA%D9%88%D8%AB%D9%8A%D9%82-%D8%A7%D9%84%D8%B9%D9%82%D9%88%D8%AF-%D8%A7%D9%84%D8%A5%D9%84%D9%83%D8%AA%D8%B1%D9%88%D9%86%D9%8A%D8%A9,https://aqdi.sa/blog/كيف-يمكن-إتمام-توثيق-العقود-الإلكترونية,137,18042,0.8,12.8
https://aqdi.sa/qa,https://aqdi.sa/qa,130,16044,0.8,8.8
https://aqdi.sa/blog/%D8%A7%D9%84%D8%AF%D9%81%D8%B9-%D8%A7%D9%84%D8%A5%D9%84%D9%83%D8%AA%D8%B1%D9%88%D9%86%D9%8A-%D9%84%D9%84%D8%A5%D9%8A%D8%AC%D8%A7%D8%B1-%D9%81%D9%8A-%D8%A7%D9%84%D8%B3%D8%B9%D9%88%D8%AF%D9%8A%D8%A9-%D8%AE%D8%B7%D9%88%D8%A7%D8%AA-%D8%A3%D8%B3%D9%87%D9%84-%D9%88%D8%AA%D8%AC%D8%B1%D8%A8%D8%A9-%D8%A3%D9%83%D8%AB%D8%B1-%D8%A3%D9%85%D8%A7%D9%86%D8%A7-%D9%85%D8%B9-%D8%B9%D9%82%D8%AF,https://aqdi.sa/blog/الدفع-الإلكتروني-للإيجار-في-السعودية-خطوات-أسهل-وتجربة-أكثر-أمانا-مع-عقد,125,27749,0.5,9.4
https://aqdi.sa/blog/%D8%A7%D9%84%D8%B9%D9%82%D9%88%D8%AF-%D8%A7%D9%84%D8%A5%D9%84%D9%83%D8%AA%D8%B1%D9%88%D9%86%D9%8A%D8%A9-%D8%A7%D9%84%D8%AA%D8%B7%D9%88%D8%B1-%D8%A7%D9%84%D9%85%D8%B2%D8%A7%D9%8A%D8%A7-%D9%88%D8%A7%D9%84%D8%A7%D8%B9%D8%AA%D8%A8%D8%A7%D8%B1%D8%A7%D8%AA-%D8%A7%D9%84%D9%82%D8%A7%D9%86%D9%88%D9%86%D9%8A%D8%A9,https://aqdi.sa/blog/العقود-الإلكترونية-التطور-المزايا-والاعتبارات-القانونية,121,9951,1.2,11.7
https://aqdi.sa/blog/%D8%AF%D9%84%D9%8A%D9%84%D9%83-%D9%84%D8%A5%D8%B9%D8%AF%D8%A7%D8%AF-%D8%B9%D9%82%D8%AF-%D8%A5%D9%8A%D8%AC%D8%A7%D8%B1-%D9%85%D8%AD%D9%84-%D8%A5%D9%84%D9%83%D8%AA%D8%B1%D9%88%D9%86%D9%8A-%D8%A8%D8%B3%D9%87%D9%88%D9%84%D8%A9-%D9%88%D8%A3%D9%85%D8%A7%D9%86,https://aqdi.sa/blog/دليلك-لإعداد-عقد-إيجار-محل-إلكتروني-بسهولة-وأمان,113,8826,1.3,8.7
https://aqdi.sa/blog/%D8%B4%D8%B1%D9%88%D8%B7-%D8%A7%D8%B3%D8%AA%D8%AD%D9%82%D8%A7%D9%82-%D8%AD%D8%B3%D8%A7%D8%A8-%D8%A7%D9%84%D9%85%D9%88%D8%A7%D8%B7%D9%86-%D8%AF%D9%84%D9%8A%D9%84-%D8%B4%D8%A7%D9%85%D9%84-%D9%84%D9%83%D9%8A%D9%81%D9%8A%D8%A9-%D8%A7%D9%84%D8%AA%D8%A3%D9%83%D8%AF-%D9%85%D9%86-%D8%A7%D9%84%D8%A3%D9%87%D9%84%D9%8A%D8%A9-%D9%88%D8%A7%D9%84%D8%AD%D8%B5%D9%88%D9%84-%D8%B9%D9%84%D9%89-%D8%A7%D9%84%D8%AF%D8%B9%D9%85,https://aqdi.sa/blog/شروط-استحقاق-حساب-المواطن-دليل-شامل-لكيفية-التأكد-من-الأهلية-والحصول-على-الدعم,113,28977,0.4,7.7
https://aqdi.sa/blog/%D8%A3%D9%87%D9%85%D9%8A%D8%A9-%D8%AA%D9%88%D9%82%D9%8A%D8%B9-%D8%B9%D9%82%D8%AF-%D8%A5%D9%84%D9%83%D8%AA%D8%B1%D9%88%D9%86%D9%8A-%D8%A8%D9%85%D9%86%D8%B5%D8%A9-%D8%B9%D9%82%D8%AF%D9%8A-%D9%88%D9%83%D9%8A%D9%81%D9%8A%D8%A9-%D8%AA%D9%88%D9%82%D9%8A%D8%B9%D9%87,https://aqdi.sa/blog/أهمية-توقيع-عقد-إلكتروني-بمنصة-عقدي-وكيفية-توقيعه,112,13604,0.8,12.0
https://aqdi.sa/blog/%D8%AF%D9%84%D9%8A%D9%84-%D8%A5%D8%AC%D8%B1%D8%A7%D8%A1%D8%A7%D8%AA-%D8%B1%D9%81%D8%B6-%D8%AA%D8%AC%D8%AF%D9%8A%D8%AF-%D8%A5%D9%8A%D8%AC%D8%A7%D8%B1-%D8%A7%D9%84%D9%85%D8%AD%D9%84-%D8%A7%D9%84%D8%AA%D8%AC%D8%A7%D8%B1%D9%8A-%D9%81%D9%8A-%D8%A7%D9%84%D8%B3%D8%B9%D9%88%D8%AF%D9%8A%D8%A9-%D9%83%D9%8A%D9%81-%D8%AA%D8%B3%D8%AA%D8%B9%D9%8A%D8%AF-%D8%B9%D9%82%D8%A7%D8%B1%D9%83-%D9%82%D8%A7%D9%86%D9%88%D9%86%D9%8A%D8%A7-%D9%88%D8%AA%D8%AF%D9%8A%D8%B1-%D8%A7%D9%84%D9%86%D9%87%D8%A7%D9%8A%D8%A7%D8%AA-%D8%A8%D8%A7%D8%AD%D8%AA%D8%B1%D8%A7%D9%81%D9%8A%D8%A9,https://aqdi.sa/blog/دليل-إجراءات-رفض-تجديد-إيجار-المحل-التجاري-في-السعودية-كيف-تستعيد-عقارك-قانونيا-وتدير-النهايات-باحترافية,101,9872,1.0,8.3
https://aqdi.sa/blog/%D9%83%D9%8A%D9%81%D9%8A%D8%A9-%D8%A5%D8%AC%D8%B1%D8%A7%D8%A1-%D8%B9%D9%82%D8%AF-%D8%B9%D9%85%D9%84-%D8%A7%D9%84%D9%83%D8%AA%D8%B1%D9%88%D9%86%D9%8A-%D8%AB%D9%88%D8%B1%D8%A9-%D8%AC%D8%AF%D9%8A%D8%AF%D8%A9-%D8%A8%D8%B9%D8%A7%D9%84%D9%85-%D8%A7%D9%84%D8%AA%D9%88%D8%B8%D9%8A%D9%81-%D9%88%D8%AD%D9%82%D9%88%D9%82-%D8%A7%D9%84%D8%B9%D9%85%D8%A7%D9%84,https://aqdi.sa/blog/كيفية-إجراء-عقد-عمل-الكتروني-ثورة-جديدة-بعالم-التوظيف-وحقوق-العمال,94,12220,0.8,11.5
https://aqdi.sa/blog/%D8%AF%D9%84%D9%8A%D9%84-%D8%A7%D9%84%D8%AA%D8%B3%D8%AC%D9%8A%D9%84-%D9%81%D9%8A-%D8%AF%D8%B9%D9%85-%D8%B3%D9%83%D9%86%D9%8A-2026-%D8%B4%D8%B1%D9%88%D8%B7-%D8%A7%D9%84%D8%A7%D8%B3%D8%AA%D8%AD%D9%82%D8%A7%D9%82-%D9%88%D8%AE%D8%B7%D9%88%D8%A7%D8%AA-%D8%A7%D9%84%D8%AA%D9%85%D9%84%D9%83-%D8%B9%D8%A8%D8%B1-%D9%85%D9%86%D8%B5%D8%A9-%D8%B9%D9%82%D8%AF%D9%8A,https://aqdi.sa/blog/دليل-التسجيل-في-دعم-سكني-2026-شروط-الاستحقاق-وخطوات-التملك-عبر-منصة-عقدي,93,27690,0.3,7.6
https://aqdi.sa/blog/%D8%AA%D8%AB%D8%A8%D9%8A%D8%AA-%D8%A7%D9%84%D8%A5%D9%8A%D8%AC%D8%A7%D8%B1%D8%A7%D8%AA-%D9%81%D9%8A-%D8%A7%D9%84%D8%B1%D9%8A%D8%A7%D8%B6-%D9%83%D9%84-%D9%85%D8%A7-%D9%8A%D8%AC%D8%A8-%D9%85%D8%B9%D8%B1%D9%81%D8%AA%D9%87-%D8%B9%D9%86-%D8%A7%D9%84%D9%82%D8%B1%D8%A7%D8%B1-%D8%A7%D9%84%D8%AC%D8%AF%D9%8A%D8%AF-%D9%88%D8%AE%D8%B7%D9%88%D8%A7%D8%AA-%D8%A7%D9%84%D8%AA%D9%88%D8%AB%D9%8A%D9%82,https://aqdi.sa/blog/تثبيت-الإيجارات-في-الرياض-كل-ما-يجب-معرفته-عن-القرار-الجديد-وخطوات-التوثيق,88,3919,2.2,6.9
https://aqdi.sa/blog/%D8%A7%D9%84%D9%81%D8%B1%D9%82-%D8%A8%D9%8A%D9%86-%D8%B9%D9%82%D8%AF-%D8%A7%D9%84%D8%A5%D9%8A%D8%AC%D8%A7%D8%B1-%D8%A7%D9%84%D8%B9%D8%A7%D8%AF%D9%8A-%D9%88%D8%A7%D9%84%D8%A5%D9%84%D9%83%D8%AA%D8%B1%D9%88%D9%86%D9%8A-%D9%81%D9%8A-%D8%A7%D9%84%D8%B3%D8%B9%D9%88%D8%AF%D9%8A%D8%A9-%D9%85%D9%82%D8%A7%D8%B1%D9%86%D8%A9-%D8%AA%D9%81%D8%B5%D9%8A%D9%84%D9%8A%D8%A9-%D8%AA%D9%88%D8%B6%D8%AD-%D8%A7%D9%84%D9%85%D8%B2%D8%A7%D9%8A%D8%A7-%D9%88%D8%A7%D9%84%D8%A5%D8%AC%D8%B1%D8%A7%D8%A1%D8%A7%D8%AA-%D9%88%D8%A7%D9%84%D8%AA%D9%88%D8%AB%D9%8A%D9%82,https://aqdi.sa/blog/الفرق-بين-عقد-الإيجار-العادي-والإلكتروني-في-السعودية-مقارنة-تفصيلية-توضح-المزايا-والإجراءات-والتوثيق,87,9286,0.9,7.7
https://aqdi.sa/blog/%D8%B9%D9%82%D8%AF-%D8%A7%D9%84%D8%A5%D9%8A%D8%AC%D8%A7%D8%B1-%D8%A7%D9%84%D9%85%D9%88%D8%AD%D8%AF-%D8%AA%D9%86%D8%B8%D9%8A%D9%85-%D9%88%D8%AD%D9%85%D8%A7%D9%8A%D8%A9-%D8%AD%D9%82%D9%88%D9%82%D9%83-%D9%81%D9%8A-%D8%A7%D9%84%D9%85%D9%85%D9%84%D9%83%D8%A9,https://aqdi.sa/blog/عقد-الإيجار-الموحد-تنظيم-وحماية-حقوقك-في-المملكة,82,13573,0.6,8.1
https://aqdi.sa/blog/%D9%83%D9%8A%D9%81%D9%8A%D8%A9-%D8%AA%D9%88%D8%AB%D9%8A%D9%82-%D8%B9%D9%82%D8%AF-%D8%A7%D9%8A%D8%AC%D8%A7%D8%B1-%D9%84%D8%AD%D8%B3%D8%A7%D8%A8-%D8%A7%D9%84%D9%85%D9%88%D8%A7%D8%B7%D9%86,https://aqdi.sa/blog/كيفية-توثيق-عقد-ايجار-لحساب-المواطن,70,6204,1.1,8.1
https://aqdi.sa/blog/%D8%AA%D9%88%D8%AB%D9%8A%D9%82-%D8%B9%D9%82%D8%AF-%D8%A5%D9%8A%D8%AC%D8%A7%D8%B1-%D8%B3%D9%83%D9%86%D9%8A-%D8%B9%D8%A8%D8%B1-%D9%85%D9%86%D8%B5%D8%A9-%D8%B9%D9%82%D8%AF%D9%8A-%D9%88%D8%AF%D9%88%D8%B1%D9%87%D8%A7-%D9%81%D9%8A-%D8%A7%D9%84%D8%AA%D8%AD%D9%88%D9%84-%D8%A7%D9%84%D8%B1%D9%82%D9%85%D9%8A,https://aqdi.sa/blog/توثيق-عقد-إيجار-سكني-عبر-منصة-عقدي-ودورها-في-التحول-الرقمي,65,19233,0.3,11.1
https://aqdi.sa/blog/%D8%A8%D8%A3%D8%A8%D8%B3%D8%B7-%D8%A7%D9%84%D8%AE%D8%B7%D9%88%D8%A7%D8%AA-%D8%B7%D8%B1%D9%8A%D9%82%D8%A9-%D8%A7%D9%84%D8%AA%D8%B3%D8%AC%D9%8A%D9%84-%D9%81%D9%8A-%D8%AA%D8%B7%D8%A8%D9%8A%D9%82-%D8%A7%D9%8A%D8%AC%D8%A7%D8%B1,https://aqdi.sa/blog/بأبسط-الخطوات-طريقة-التسجيل-في-تطبيق-ايجار,63,13517,0.5,9.3
https://aqdi.sa/blog/%D8%B5%D9%83-%D9%85%D9%84%D9%83%D9%8A%D8%A9-%D8%A7%D9%84%D9%88%D9%82%D9%81-%D9%88%D8%AB%D9%8A%D9%82%D8%A9-%D8%AE%D9%8A%D8%B1-%D8%AA%D8%AD%D9%85%D9%8A-%D8%B9%D9%82%D8%A7%D8%B1%D9%83-%D9%84%D9%84%D8%A3%D8%A8%D8%AF,https://aqdi.sa/blog/صك-ملكية-الوقف-وثيقة-خير-تحمي-عقارك-للأبد,63,4076,1.5,7.8
https://aqdi.sa/terms,https://aqdi.sa/terms,47,6441,0.7,8.5
https://aqdi.sa/blog/%D8%AE%D8%B7%D9%88%D8%A7%D8%AA-%D8%A7%D9%84%D8%AA%D8%B3%D8%AC%D9%8A%D9%84-%D9%81%D9%8A-%D8%AD%D8%B3%D8%A7%D8%A8-%D8%A7%D9%84%D9%85%D9%88%D8%A7%D8%B7%D9%86,https://aqdi.sa/blog/خطوات-التسجيل-في-حساب-المواطن,42,12424,0.3,10.0
https://aqdi.sa/blog/%D8%B9%D9%82%D8%AF-%D8%A5%D9%8A%D8%AC%D8%A7%D8%B1-%D9%85%D8%B3%D8%AA%D9%88%D8%AF%D8%B9-%D8%B1%D9%82%D9%85%D9%8A-%D8%AF%D9%84%D9%8A%D9%84%D9%83-%D8%A7%D9%84%D8%B4%D8%A7%D9%85%D9%84-%D9%84%D8%AA%D8%A3%D8%AC%D9%8A%D8%B1-%D8%A7%D9%84%D9%85%D8%B3%D8%AA%D9%88%D8%AF%D8%B9%D8%A7%D8%AA-%D8%A3%D9%88%D9%86%D9%84%D8%A7%D9%8A%D9%86-%D9%81%D9%8A-%D8%A7%D9%84%D8%B3%D8%B9%D9%88%D8%AF%D9%8A%D8%A9,https://aqdi.sa/blog/عقد-إيجار-مستودع-رقمي-دليلك-الشامل-لتأجير-المستودعات-أونلاين-في-السعودية,38,1504,2.5,6.6
https://aqdi.sa/login,https://aqdi.sa/login,32,1109,2.9,6.6
https://aqdi.sa/blog/%D8%A7%D9%84%D8%B9%D9%82%D8%AF-%D8%A7%D9%84%D8%A5%D9%84%D9%83%D8%AA%D8%B1%D9%88%D9%86%D9%8A-%D8%A7%D9%84%D8%B3%D9%83%D9%86%D9%8A-%D8%B9%D9%85%D9%84-%D8%B9%D9%82%D8%AF-%D8%A8%D8%B3%D9%87%D9%88%D9%84%D8%A9-%D9%88%D8%A3%D9%85%D8%A7%D9%86-%D8%B9%D8%A8%D8%B1-%D8%A5%D9%8A%D8%AC%D8%A7%D8%B1,https://aqdi.sa/blog/العقد-الإلكتروني-السكني-عمل-عقد-بسهولة-وأمان-عبر-إيجار,26,3260,0.8,15.5
https://aqdi.sa/blog/%D8%B4%D8%B1%D9%88%D8%B7-%D8%A7%D8%B5%D8%AF%D8%A7%D8%B1-%D8%B1%D8%AE%D8%B5%D8%A9-%D9%85%D8%AD%D9%84-%D8%AC%D8%AF%D9%8A%D8%AF,https://aqdi.sa/blog/شروط-اصدار-رخصة-محل-جديد,26,4776,0.5,9.1
https://aqdi.sa/blog/%D8%A7%D8%A8%D8%AF%D8%A3-%D8%A7%D9%84%D8%B9%D8%A7%D9%85-%D8%A7%D9%84%D8%AC%D8%AF%D9%8A%D8%AF-%D8%A8%D8%AE%D8%AF%D9%85%D8%A7%D8%AA-%D9%85%D9%88%D8%AB%D9%88%D9%82%D8%A9-%D9%84%D8%B9%D9%82%D9%88%D8%AF-%D8%A7%D9%84%D8%A5%D9%8A%D8%AC%D8%A7%D8%B1-%D9%85%D8%B9-%D9%85%D9%86%D8%B5%D8%A9-%D8%B9%D9%82%D8%AF%D9%8A,https://aqdi.sa/blog/ابدأ-العام-الجديد-بخدمات-موثوقة-لعقود-الإيجار-مع-منصة-عقدي,24,4269,0.6,9.3
https://aqdi.sa/blogs,https://aqdi.sa/blogs,21,6154,0.3,12.8
https://aqdi.sa/blog/%D9%83%D9%84-%D9%85%D8%A7-%D8%AA%D8%B9%D8%B1%D9%81%D9%87-%D8%AD%D9%88%D9%84-%D8%B9%D9%82%D8%AF-%D8%A7%D9%8A%D8%AC%D8%A7%D8%B1-%D8%B4%D9%82%D8%A9,https://aqdi.sa/blog/كل-ما-تعرفه-حول-عقد-ايجار-شقة,20,4621,0.4,10.4
https://aqdi.sa/blog/%D8%A7%D9%84%D9%85%D9%88%D8%A7%D9%81%D9%82%D8%A9-%D8%B9%D9%84%D9%89-%D8%B9%D9%82%D8%AF-%D8%A7%D9%84%D8%A5%D9%8A%D8%AC%D8%A7%D8%B1-%D9%81%D9%8A-%D8%A7%D9%84%D8%B3%D8%B9%D9%88%D8%AF%D9%8A%D8%A9-%D8%AE%D8%B7%D9%88%D8%A7%D8%AA-%D9%88%D9%86%D8%B5%D8%A7%D8%A6%D8%AD-%D9%85%D8%B9-%D9%85%D9%86%D8%B5%D8%A7%D8%AA-%D8%B1%D9%82%D9%85%D9%8A%D8%A9-%D9%85%D9%88%D8%AB%D9%88%D9%82%D8%A9,https://aqdi.sa/blog/الموافقة-على-عقد-الإيجار-في-السعودية-خطوات-ونصائح-مع-منصات-رقمية-موثوقة,17,3096,0.5,9.4
https://aqdi.sa/blog/%D8%A7%D9%84%D8%A8%D9%8A%D8%B9-%D8%A8%D8%B9%D9%82%D8%AF-%D8%BA%D9%8A%D8%B1-%D9%85%D8%B3%D8%AC%D9%84-%D8%A7%D9%84%D9%85%D8%AE%D8%A7%D8%B7%D8%B1-%D8%A7%D9%84%D9%82%D8%A7%D9%86%D9%88%D9%86%D9%8A%D8%A9-%D9%88%D9%83%D9%8A%D9%81-%D8%AA%D8%AD%D9%85%D9%8A-%D8%AD%D9%82%D9%83,https://aqdi.sa/blog/البيع-بعقد-غير-مسجل-المخاطر-القانونية-وكيف-تحمي-حقك,16,3008,0.5,7.0
https://aqdi.sa/blog/%D8%AA%D8%B9%D8%B1%D9%81-%D8%A7%D9%84%D8%A2%D9%86-%D8%B9%D9%84%D9%89-%D8%AE%D8%B7%D9%88%D8%A7%D8%AA-%D8%B3%D9%87%D9%84%D8%A9-%D9%88%D8%A8%D8%B3%D9%8A%D8%B7%D8%A9-%D9%84%D8%A5%D9%86%D8%B4%D8%A7%D8%A1-%D8%B9%D9%82%D8%AF-%D8%A7%D9%8A%D8%AC%D8%A7%D8%B1-%D8%B3%D9%83%D9%86%D9%8A,https://aqdi.sa/blog/تعرف-الآن-على-خطوات-سهلة-وبسيطة-لإنشاء-عقد-ايجار-سكني,15,2301,0.7,8.9
https://aqdi.sa/blog/%D9%85%D8%A7-%D9%87%D9%8A-%D8%B7%D8%B1%D9%8A%D9%82%D8%A9-%D8%B9%D9%85%D9%84-%D8%B9%D9%82%D8%AF-%D8%A7%D9%8A%D8%AC%D8%A7%D8%B1-%D8%A7%D9%84%D9%83%D8%AA%D8%B1%D9%88%D9%86%D9%8A,https://aqdi.sa/blog/ما-هي-طريقة-عمل-عقد-ايجار-الكتروني,15,3250,0.5,16.1
https://aqdi.sa/blog/%D8%A7%D9%84%D8%B9%D9%82%D9%88%D8%AF-%D8%A7%D9%84%D8%B9%D9%82%D8%A7%D8%B1%D9%8A%D8%A9-%D9%84%D9%84%D8%AC%D9%85%D8%B9%D9%8A%D8%A7%D8%AA-%D8%A7%D9%84%D8%AE%D9%8A%D8%B1%D9%8A%D8%A9-%D9%81%D9%8A-%D8%A7%D9%84%D8%B3%D8%B9%D9%88%D8%AF%D9%8A%D8%A9-%D8%A7%D9%84%D8%AA%D8%AD%D8%AF%D9%8A%D8%A7%D8%AA-%D9%88%D8%A7%D9%84%D8%AD%D9%84%D9%88%D9%84-%D8%A7%D9%84%D8%B1%D9%82%D9%85%D9%8A%D8%A9-%D9%85%D8%B9-%D9%85%D9%86%D8%B5%D8%A9-%D8%B9%D9%82%D8%AF%D9%8A,https://aqdi.sa/blog/العقود-العقارية-للجمعيات-الخيرية-في-السعودية-التحديات-والحلول-الرقمية-مع-منصة-عقدي,11,257,4.3,6.7
https://aqdi.sa/blog/%D8%AE%D8%B7%D9%88%D8%A7%D8%AA-%D8%A7%D8%B5%D8%AF%D8%A7%D8%B1-%D8%B9%D9%82%D8%AF-%D8%A7%D9%8A%D8%AC%D8%A7%D8%B1-%D8%A7%D9%84%D9%83%D8%AA%D8%B1%D9%88%D9%86%D9%8A-%D9%81%D9%8A-%D8%A7%D9%84%D8%B3%D8%B9%D9%88%D8%AF%D9%8A%D8%A9,https://aqdi.sa/blog/خطوات-اصدار-عقد-ايجار-الكتروني-في-السعودية,11,3727,0.3,15.0
https://aqdi.sa/blog/%D8%AF%D9%84%D9%8A%D9%84-%D8%B9%D9%82%D8%AF-%D8%A7%D9%84%D8%A5%D9%8A%D8%AC%D8%A7%D8%B1-%D8%A7%D9%84%D8%B3%D9%83%D9%86%D9%8A-%D8%A7%D9%84%D9%85%D9%88%D8%AD%D8%AF-%D8%A7%D9%84%D8%AD%D9%82%D9%88%D9%82-%D9%88%D8%A7%D9%84%D8%A7%D9%84%D8%AA%D8%B2%D8%A7%D9%85%D8%A7%D8%AA-%D8%A7%D9%84%D9%86%D8%B8%D8%A7%D9%85%D9%8A%D8%A9,https://aqdi.sa/blog/دليل-عقد-الإيجار-السكني-الموحد-الحقوق-والالتزامات-النظامية,11,1994,0.6,7.6
https://aqdi.sa/blog/%D8%A7%D9%84%D8%B5%D9%8A%D8%BA%D8%A9-%D8%A7%D9%84%D9%82%D8%A7%D9%86%D9%88%D9%86%D9%8A%D8%A9-%D8%A7%D9%84%D8%B5%D8%AD%D9%8A%D8%AD%D8%A9-%D9%84%D8%B9%D9%82%D8%AF-%D8%A8%D9%8A%D8%B9-%D8%B9%D9%82%D8%A7%D8%B1-%D9%86%D9%87%D8%A7%D8%A6%D9%8A-%D9%81%D9%8A-%D8%A7%D9%84%D8%B3%D8%B9%D9%88%D8%AF%D9%8A%D8%A9,https://aqdi.sa/blog/الصيغة-القانونية-الصحيحة-لعقد-بيع-عقار-نهائي-في-السعودية,10,619,1.6,8.2
https://aqdi.sa/blog/%D8%AA%D8%B7%D8%A8%D9%8A%D9%82-%D8%B9%D9%82%D8%AF-%D8%A7%D9%8A%D8%AC%D8%A7%D8%B1-%D8%A7%D9%84%D9%83%D8%AA%D8%B1%D9%88%D9%86%D9%8A,https://aqdi.sa/blog/تطبيق-عقد-ايجار-الكتروني,10,956,1.0,18.3
https://aqdi.sa/blog/%D8%AE%D8%B7%D9%88%D8%A7%D8%AA-%D9%88%D8%B4%D8%B1%D9%88%D8%B7-%D8%AA%D9%88%D8%AB%D9%8A%D9%82-%D8%B9%D9%82%D8%AF-%D8%A5%D9%8A%D8%AC%D8%A7%D8%B1-%D9%88%D9%82%D9%81,https://aqdi.sa/blog/خطوات-وشروط-توثيق-عقد-إيجار-وقف,9,534,1.7,9.0
https://aqdi.sa/blog/%D9%83%D9%8A%D9%81%D9%8A%D8%A9-%D8%AA%D9%88%D8%AB%D9%8A%D9%82-%D8%B9%D9%82%D8%AF-%D8%A7%D9%8A%D8%AC%D8%A7%D8%B1-%D9%85%D8%AD%D9%84-%D8%AA%D8%AC%D8%A7%D8%B1%D9%8A-%D8%A8%D8%A7%D9%84%D8%B3%D8%B9%D9%88%D8%AF%D9%8A%D8%A9,https://aqdi.sa/blog/كيفية-توثيق-عقد-ايجار-محل-تجاري-بالسعودية,9,2306,0.4,15.4
https://aqdi.sa/blog/%D8%B7%D8%B1%D9%8A%D9%82%D8%A9-%D8%AA%D8%AD%D9%85%D9%8A%D9%84-%D8%AA%D8%B7%D8%A8%D9%8A%D9%82-%D8%B9%D9%82%D8%AF-%D8%A7%D9%8A%D8%AC%D8%A7%D8%B1-%D8%A7%D9%84%D9%83%D8%A7%D8%AA%D8%B1%D9%88%D9%86%D9%8A-%D8%B9%D9%82%D8%AF%D9%8A,https://aqdi.sa/blog/طريقة-تحميل-تطبيق-عقد-ايجار-الكاتروني-عقدي,7,22,31.8,3.2
https://aqdi.sa/blog/%D8%A7%D9%84%D8%AF%D9%84%D9%8A%D9%84-%D8%A7%D9%84%D8%B4%D8%A7%D9%85%D9%84-%D8%AD%D9%88%D9%84-%D8%B9%D9%82%D9%88%D8%A8%D8%A9-%D8%B9%D8%AF%D9%85-%D8%AA%D8%B3%D8%AC%D9%8A%D9%84-%D8%B9%D9%82%D8%AF-%D8%A7%D9%84%D8%A5%D9%8A%D8%AC%D8%A7%D8%B1-%D9%81%D9%8A-%D8%A7%D9%84%D8%B3%D8%B9%D9%88%D8%AF%D9%8A%D8%A9-%D9%83%D9%8A%D9%81-%D8%AA%D8%AD%D9%85%D9%8A-%D9%86%D9%81%D8%B3%D9%83-%D8%B9%D8%A8%D8%B1-%D8%B9%D9%82%D8%AF%D9%8A,https://aqdi.sa/blog/الدليل-الشامل-حول-عقوبة-عدم-تسجيل-عقد-الإيجار-في-السعودية-كيف-تحمي-نفسك-عبر-عقدي,6,296,2.0,5.5
https://aqdi.sa/blog/%D8%A7%D9%84%D9%87%D9%8A%D8%A6%D8%A9-%D8%A7%D9%84%D8%B9%D8%A7%D9%85%D8%A9-%D9%84%D9%84%D8%B9%D9%82%D8%A7%D8%B1-%D9%81%D9%8A-%D8%A7%D9%84%D8%B3%D8%B9%D9%88%D8%AF%D9%8A%D8%A9-%D8%AE%D8%AF%D9%85%D8%A7%D8%AA-%D8%B1%D9%82%D9%85%D9%8A%D8%A9-%D9%85%D9%88%D8%AB%D9%88%D9%82%D8%A9-%D9%84%D8%AA%D8%B3%D9%87%D9%8A%D9%84-%D9%85%D8%B9%D8%A7%D9%85%D9%84%D8%A7%D8%AA%D9%83-%D8%A7%D9%84%D8%B9%D9%82%D8%A7%D8%B1%D9%8A%D8%A9,https://aqdi.sa/blog/الهيئة-العامة-للعقار-في-السعودية-خدمات-رقمية-موثوقة-لتسهيل-معاملاتك-العقارية,6,820,0.7,8.9
https://aqdi.sa/blog/%D8%B9%D9%82%D8%AF-%D8%A5%D9%8A%D8%AC%D8%A7%D8%B1-%D8%A7%D9%84%D9%81%D9%8A%D9%84%D8%A7-%D8%A7%D9%84%D8%B1%D9%82%D9%85%D9%8A-%D9%81%D9%8A-%D8%A7%D9%84%D8%B3%D8%B9%D9%88%D8%AF%D9%8A%D8%A9-%D8%AE%D8%B7%D9%88%D8%A7%D8%AA-%D8%B3%D9%87%D9%84%D8%A9-%D8%B9%D8%A8%D8%B1-%D9%85%D9%86%D8%B5%D8%A9-%D8%B9%D9%82%D8%AF%D9%8A,https://aqdi.sa/blog/عقد-إيجار-الفيلا-الرقمي-في-السعودية-خطوات-سهلة-عبر-منصة-عقدي,6,778,0.8,7.7
https://aqdi.sa/blog/%D8%AA%D8%B3%D8%AC%D9%8A%D9%84-%D8%B9%D9%82%D8%AF-%D8%A5%D9%8A%D8%AC%D8%A7%D8%B1-%D8%A8%D8%A7%D9%84%D9%85%D9%85%D9%84%D9%83%D8%A9-%D8%A8%D8%B3%D9%87%D9%88%D9%84%D8%A9-%D9%88%D8%B3%D8%B1%D8%B9%D8%A9-%D9%81%D9%8A-%D8%AE%D8%B7%D9%88%D8%A7%D8%AA,https://aqdi.sa/blog/تسجيل-عقد-إيجار-بالمملكة-بسهولة-وسرعة-في-خطوات,4,875,0.5,21.7
https://aqdi.sa/forget_password,https://aqdi.sa/forget_password,4,140,2.9,6.2
https://aqdi.sa/blog/%D8%AA%D9%81%D8%B9%D9%8A%D9%84-%D8%B9%D9%82%D8%AF-%D8%A7%D9%84%D8%A5%D9%8A%D8%AC%D8%A7%D8%B1-%D8%A3%D9%88%D9%86%D9%84%D8%A7%D9%8A%D9%86-%D9%81%D9%8A-%D8%A7%D9%84%D8%B3%D8%B9%D9%88%D8%AF%D9%8A%D8%A9-%D8%AF%D9%84%D9%8A%D9%84%D9%83-%D8%AE%D8%B7%D9%88%D8%A9-%D8%A8%D8%AE%D8%B7%D9%88%D8%A9,https://aqdi.sa/blog/تفعيل-عقد-الإيجار-أونلاين-في-السعودية-دليلك-خطوة-بخطوة,3,393,0.8,34.0
https://aqdi.sa/blog/%D8%A5%D8%AC%D8%B1%D8%A7%D8%A1%D8%A7%D8%AA-%D8%B9%D9%82%D8%AF-%D8%A5%D9%8A%D8%AC%D8%A7%D8%B1-%D9%81%D9%8A-%D8%A7%D9%84%D8%B3%D8%B9%D9%88%D8%AF%D9%8A%D8%A9-%D8%AE%D8%B7%D9%88%D8%A7%D8%AA-%D8%A7%D9%84%D8%AA%D9%88%D8%AB%D9%8A%D9%82-%D9%88%D8%A7%D9%84%D8%B1%D8%B3%D9%88%D9%85-%D9%88%D9%83%D9%84-%D9%85%D8%A7-%D8%AA%D8%AD%D8%AA%D8%A7%D8%AC-%D9%85%D8%B9%D8%B1%D9%81%D8%AA%D9%87,https://aqdi.sa/blog/إجراءات-عقد-إيجار-في-السعودية-خطوات-التوثيق-والرسوم-وكل-ما-تحتاج-معرفته,2,1203,0.2,20.4
https://aqdi.sa/blog/%D8%B9%D9%82%D8%AF-%D8%A5%D9%8A%D8%AC%D8%A7%D8%B1-%D9%85%D8%B2%D8%B1%D8%B9%D8%A9-%D8%AF%D9%84%D9%8A%D9%84%D9%83-%D8%A7%D9%84%D9%84%D8%B4%D8%A7%D9%85%D9%84-%D9%84%D8%A5%D8%B9%D8%AF%D8%A7%D8%AF-%D8%B9%D9%82%D8%AF-%D9%8A%D8%AD%D9%85%D9%8A-%D8%AD%D9%82%D9%88%D9%82%D9%83-%D9%83%D9%85%D8%A4%D8%AC%D8%B1-%D8%A3%D9%88-%D9%85%D8%B3%D8%AA%D8%A3%D8%AC%D8%B6,https://aqdi.sa/blog/عقد-إيجار-مزرعة-دليلك-اللشامل-لإعداد-عقد-يحمي-حقوقك-كمؤجر-أو-مستأجض,2,22,9.1,3.8
https://aqdi.sa/blog/%D8%B9%D9%82%D9%88%D8%AF-%D8%A5%D9%8A%D8%AC%D8%A7%D8%B1-%D8%A3%D9%88%D9%86%D9%84%D8%A7%D9%8A%D9%86-%D8%AE%D8%B7-%D8%A7%D9%84%D8%AF%D9%81%D8%A7%D8%B9-%D8%A7%D9%84%D8%A3%D9%88%D9%84-%D8%B6%D8%AF-%D8%A7%D9%84%D8%A7%D8%AD%D8%AA%D9%8A%D8%A7%D9%84-%D8%AF%D9%84%D9%8A%D9%84%D9%83-%D8%A7%D9%84%D8%B0%D9%83%D9%8A-%D9%84%D9%83%D8%B4%D9%81-%D8%A7%D9%84%D8%AA%D9%84%D8%A7%D8%B9%D8%A8-%D9%88%D8%AD%D9%81%D8%B8-%D8%A7%D9%84%D8%AD%D9%82%D9%88%D9%82-%D9%81%D9%8A-%D8%A7%D9%84%D8%B3%D8%B9%D9%88%D8%AF%D9%8A%D8%A9,https://aqdi.sa/blog/عقود-إيجار-أونلاين-خط-الدفاع-الأول-ضد-الاحتيال-دليلك-الذكي-لكشف-التلاعب-وحفظ-الحقوق-في-السعودية,2,500,0.4,8.7
https://aqdi.sa/blog/%D8%A3%D9%81%D8%B6%D9%84-%D9%88%D8%B3%D9%8A%D8%B7-%D8%B9%D9%82%D8%A7%D8%B1%D9%8A-%D9%85%D8%B9%D8%AA%D9%85%D8%AF,https://aqdi.sa/blog/أفضل-وسيط-عقاري-معتمد,1,465,0.2,10.3
https://aqdi.sa/blog/%D8%A8%D8%A3%D8%A8%D8%B3%D8%B7-%D8%A7%D9%84%D8%AE%D8%B7%D9%88%D8%A7%D8%AA-%D8%B7%D8%B1%D9%8A%D9%82%D8%A9-%D8%A7%D9%84%D8%AA%D8%B3%D8%AC%D9%8A%D9%84-%D9%81%D9%8A-%D8%AA%D8%B7%D8%A8%D9%8A%D9%82-%D8%A7%D9%8A%D8%AC%D8%A7%D8%B1-%D8%A8%D9%86%D8%B5%D8%A9-%D8%B9%D9%82%D8%AF%D9%8A,https://aqdi.sa/blog/بأبسط-الخطوات-طريقة-التسجيل-في-تطبيق-ايجار-بنصة-عقدي,1,1,100.0,1.0
https://aqdi.sa/blog/%D8%AA%D8%B9%D8%B1%D9%81-%D8%A7%D9%84%D8%A2%D9%86-%D8%B9%D9%84%D9%89-%D8%B4%D8%B1%D9%8B%D8%B7-%D8%AD%D8%B3%D8%A7%D8%A8-%D8%A7%D9%84%D9%85%D9%88%D8%A7%D8%B7%D9%86-%D9%84%D9%84%D9%81%D8%B1%D8%AF%D8%A7,https://aqdi.sa/blog/تعرف-الآن-على-شرًط-حساب-المواطن-للفردا,1,1,100.0,1.0
https://aqdi.sa/blog/%D8%AA%D8%B9%D8%B1%D9%81-%D8%B9%D9%84%D9%89-%D8%A3%D9%87%D9%85-%D8%B4%D8%B1%D9%88%D8%B7-%D8%B9%D9%82%D8%A7%D8%AA-%D8%A7%D9%84%D8%A7%D9%8A%D8%B9%D8%A7%D8%B1-%D8%A7%D9%84%D8%A7%D9%8A%D8%AC%D8%A7%D8%B1-%D8%A7%D9%84%D8%A7%D9%84%D9%83%D8%AA%D8%B1%D9%88%D9%86%D9%8A-%D9%88%D9%83%D9%8A%D9%81%D9%8A%D8%A9-%D8%AA%D9%88%D8%B5%D9%8A%D9%82%D9%87-%D8%A8%D8%AE%D8%B7%D9%88%D8%A7%D8%AA-%D8%A8%D8%B3%D9%8A%D8%B7%D8%A7,https://aqdi.sa/blog/تعرف-على-أهم-شروط-عقات-الايعار-الايجار-الالكتروني-وكيفية-توصيقه-بخطوات-بسيطا,1,1,100.0,1.0
https://aqdi.sa/blog/%D8%AF%D9%84%D9%8A%D9%84-%D8%B1%D8%AE%D8%B5%D8%A9-%D9%85%D8%B3%D9%88%D9%82-%D8%B9%D9%82%D8%A7%D8%B1%D9%8A-%D9%84%D9%84%D8%A3%D9%81%D8%B1%D8%A7%D8%AF-%D9%81%D9%8A-%D8%A7%D9%84%D8%B3%D8%B9%D9%88%D8%AF%D9%8A%D8%A9-%D8%AE%D8%B7%D9%88%D8%AA%D9%83-%D8%A7%D9%84%D8%A7%D8%AD%D8%AA%D8%B1%D8%A7%D9%81%D9%8A%D8%A9-%D9%84%D9%84%D9%86%D8%AC%D8%A7%D8%AD-%D9%81%D9%8A-%D8%B9%D8%A7%D9%84%D9%85-%D8%A7%D9%84%D8%B9%D9%82%D8%A7%D8%B1-%D8%B9%D8%A8%D8%B1-%D8%B9%D9%82%D8%AF%D9%8A,https://aqdi.sa/blog/دليل-رخصة-مسوق-عقاري-للأفراد-في-السعودية-خطوتك-الاحترافية-للنجاح-في-عالم-العقار-عبر-عقدي,1,111,0.9,9.0
https://aqdi.sa/blog/%D8%B4%D8%B1%D9%88%D8%B7-%D9%88%D8%A3%D8%AD%D9%83%D8%A7%D9%85-%D8%A7%D8%B3%D8%AA%D8%AE%D8%B1%D8%A7%D8%AC-%D8%B5%D9%83-%D9%88%D9%82%D9%81-%D8%B9%D9%82%D8%A7%D8%B1%D9%8A,https://aqdi.sa/blog/شروط-وأحكام-استخراج-صك-وقف-عقاري,1,112,0.9,7.0
https://aqdi.sa/blog/%D8%B5%D9%83-%D9%85%D9%84%D9%83%D9%8A%D8%A9-%D8%A7%D9%84%D9%88%D9%82%D9%81-%D9%88%D8%AB%D9%8A%D9%82%D8%A9-%D8%AE%D9%8A%D8%B1-%D8%AA%D8%AD%D9%85%D9%8A-%D8%B9%D9%82%D8%A7%D8%B1%D9%83-%D9%84%D9%84%D8%A7%D8%A8%D8%A7-%D8%AF,https://aqdi.sa/blog/صك-ملكية-الوقف-وثيقة-خير-تحمي-عقارك-للابا-د,1,1,100.0,1.0
https://aqdi.sa/blog/%D8%B7%D8%B1%D9%8A%D9%82%D8%A9-%D8%B9%D9%85%D9%84-%D8%B9%D9%82%D8%AF-%D8%A7%D9%8A%D8%AC%D8%A7%D8%B1-%D8%A7%D9%84%D8%A7%D9%83%D8%AA%D8%B1%D9%88%D9%86%D9%8A-%D8%A8%D8%AE%D8%B7%D9%88%D8%A7%D8%AA-%D8%A8%D8%B3%D9%8A%D8%B7%D8%A9-%D8%AF%D9%84%D9%8A%D9%84-%D8%B4%D8%A7%D9%85%D9%84-%D9%84%D8%AA%D8%B3%D9%87%D9%8A%D9%84-%D8%A7%D9%84%D8%B9%D9%85%D9%84%D9%8A%D8%A9-%D8%A7%D9%84%D9%82%D8%A7%D9%86%D9%88%D9%86%D9%8A%D8%A9,https://aqdi.sa/blog/طريقة-عمل-عقد-ايجار-الاكتروني-بخطوات-بسيطة-دليل-شامل-لتسهيل-العملية-القانونية,1,2,50.0,1.0
https://aqdi.sa/blog/%D8%B9%D9%82%D8%AF-%D8%A5%D9%8A%D8%AC%D8%A7%D8%B1-%D8%A7%D9%84%D9%85%D9%83%D8%AA%D8%A8-%D8%A7%D9%84%D8%B1%D9%82%D9%85%D9%8A-%D8%AF%D9%84%D9%8A%D9%84%D9%83-%D8%A7%D9%84%D8%B4%D8%A7%D9%85%D9%84-%D9%84%D8%AA%D9%88%D8%AB%D9%8A%D9%82-%D8%A2%D9%85%D9%86-%D9%88%D9%81%D8%B9%D8%A7%D9%84-%D9%81%D9%8A-%D8%A7%D9%84%D9%85%D9%85%D9%83%D8%A9,https://aqdi.sa/blog/عقد-إيجار-المكتب-الرقمي-دليلك-الشامل-لتوثيق-آمن-وفعال-في-الممكة,1,110,0.9,8.7
https://aqdi.sa/blog/%D8%B9%D9%82%D9%88%D8%AF-%D8%A7%D9%87%D8%A7%D8%AB%D9%85%D8%A7%D8%B1-%D8%A3%D9%87%D9%85%D9%8A%D8%AA%D9%87%D8%A7-%D9%88%D8%A3%D9%86%D9%88%D8%A7%D8%B9%D9%87%D8%A7-%D9%88%D8%AE%D8%B5%D8%A7%D8%A6%D8%B5%D9%87%D8%A7-%D8%A7%D9%84%D9%82%D8%A7%D9%86%D9%88%D9%86%D9%8A%D8%A9,https://aqdi.sa/blog/عقود-اهاثمار-أهميتها-وأنواعها-وخصائصها-القانونية,1,1,100.0,1.0
